Credential Name,Potential Uses
open-paws/animal_advocate_preference_prediction_longform,"Automatically assess how well longform advocacy content aligns with animal advocate preferences, optimize campaign messaging, and prioritize high-impact materials."
open-paws/text_performance_prediction_longform,"Predict the effectiveness of longform texts in outreach or education, identify top-performing articles, and guide improvements for maximum audience engagement."
open-paws/8B-instruct-chat,"Deploy advanced, customizable chatbots for advocacy, provide interactive support, generate persuasive content, and facilitate nuanced animal welfare discussions."
open-paws/8B-base-model,"Serve as a foundation for custom fine-tuning, create specialized language models for advocacy, and power intelligent content generation at scale."
open-paws/perceived_insightfulness_prediction_longform,"Evaluate and rank longform texts by their perceived insightfulness, highlight thought leadership pieces, and inform editorial strategies."
open-paws/perceived_trustworthiness_prediction_longform,"Score longform content for trustworthiness, build credibility in public communications, and flag materials needing fact-checking or revision."
open-paws/emotional_impact_prediction_longform,"Measure the emotional resonance of advocacy materials, tailor content for stronger reader connection, and test messaging before public release."
open-paws/level_of_rationality_prediction_longform,"Assess logical coherence in longform texts, ensure arguments are well-structured, and support evidence-based advocacy."
open-paws/potential_influence_prediction_longform,"Forecast the persuasive power of longform content, prioritize pieces likely to drive action, and refine messaging for greater influence."
open-paws/animal_alignment_prediction_shortform,"Instantly check if short messages or social posts align with animal advocacy values, automate moderation, and maintain consistent messaging."
open-paws/effect_on_animals_prediction_shortform,"Estimate the potential impact of short texts on animal welfare, screen content for unintended consequences, and support ethical communication."
open-paws/animal_advocate_preference_prediction_shortform,"Classify short texts by advocate preference, personalize outreach, and A/B test messaging for maximum supporter resonance."
open-paws/text_performance_prediction_shortform,"Predict the outreach or engagement potential of short texts, optimize headlines, and select top-performing snippets for campaigns."
open-paws/cultural_sensitivity_prediction_shortform,"Assess and improve the cultural sensitivity of short content, avoid missteps in diverse communities, and foster inclusive advocacy."
open-paws/relevance_to_animal_issues_prediction,"Automatically filter and tag content relevant to animal issues, streamline research, and curate focused information feeds."
open-paws/perceived_insightfulness_prediction_shortform,"Rank short texts by perceived insightfulness, highlight valuable contributions, and inform content curation."
open-paws/perceived_trustworthiness_prediction_shortform,"Score short content for trustworthiness, enhance public trust, and flag posts for review or fact-checking."
open-paws/emotional_impact_prediction_shortform,"Gauge emotional impact of short texts, tailor messaging for desired audience reaction, and test content before distribution."
open-paws/level_of_rationality_prediction_shortform,"Evaluate rationality in short texts, promote logical communication, and support evidence-based advocacy in quick messaging."
open-paws/potential_influence_prediction_shortform,"Predict the influence potential of short texts, prioritize messages for campaigns, and refine calls to action for greater effect."
